{"cameraMode":{"drawMode":0,"name":"Shaded","section":"Shading Mode"},"sceneLighting":true,"audioPlay":false,"sceneViewState":{"showFog":true,"showMaterialUpdate":false,"showSkybox":true,"showFlares":true,"showImageEffects":true,"showParticleSystems":true},"in2DMode":false,"pivot":{"x":-0.8852801322937012,"y":0.16814923286437989,"z":0.541975736618042},"rotation":{"x":-0.053019020706415179,"y":0.9393183588981628,"z":-0.16977249085903169,"w":-0.29334551095962527},"size":1.5057485103607178,"orthographic":false}