{"cameraMode":{"drawMode":0,"name":"Shaded","section":"Shading Mode"},"sceneLighting":true,"audioPlay":false,"sceneViewState":{"showFog":true,"showMaterialUpdate":false,"showSkybox":true,"showFlares":true,"showImageEffects":true,"showParticleSystems":true},"in2DMode":false,"pivot":{"x":0.8342639207839966,"y":0.5142588019371033,"z":1.4845366477966309},"rotation":{"x":-0.1711137592792511,"y":0.6090384721755981,"z":-0.1367110162973404,"w":-0.7623038291931152},"size":10.0,"orthographic":false}